tournamentid;teammatchid;matchorder;matchid;matchtypeid;matchtypeno;team1player1memberid;team1player2memberid;team2player1memberid;team2player2memberid;winner;setcount;set1team1;set1team2;set2team1;set2team2;set3team1;set3team2;team1points;team2points;team1sets;team2sets;flag_MatchNotPlayedNoPlayers;flag_MatchNotPlayedTeam1DidNotShow;flag_MatchNotPlayedTeam2DidNotShow;flag_PenaltyTeam1;flag_PenaltyTeam2;flag_RetirementTeam1;flag_RetirementTeam2
204506;8;1;1;HD;0;50057877;50076212;50069310;50070414;1;3;11;21;22;20;21;15;54;56;2;1;false;false;false;false;false;false;false
204506;8;2;2;DD;0;50079912;50066162;50092008;50089298;2;2;12;21;12;21;0;0;24;42;0;2;false;false;false;false;false;false;false
204506;8;3;3;HE;1;50093263;;50078488;;2;2;14;21;8;21;0;0;22;42;0;2;false;false;false;false;false;false;false
204506;8;4;4;HE;2;50076212;;50070414;;2;3;8;21;21;18;18;21;47;60;1;2;false;false;false;false;false;false;false
204506;8;5;5;DE;1;50079912;;50092008;;2;2;19;21;16;21;0;0;35;42;0;2;false;false;false;false;false;false;false
204506;8;6;6;DE;2;50066162;;50065873;;1;2;21;7;21;8;0;0;42;15;2;0;false;false;false;false;false;false;false
204506;8;7;7;GD;1;50076212;50066162;50069310;50089298;1;2;21;9;21;19;0;0;42;28;2;0;false;false;false;false;false;false;false
204506;8;8;8;GD;2;50057877;50079912;50078488;50065873;2;2;16;21;17;21;0;0;33;42;0;2;false;false;false;false;false;false;false
204506;11;1;9;HD;0;50076212;50057877;50080162;50064508;1;3;21;14;17;21;21;18;59;53;2;1;false;false;false;false;false;false;false
204506;11;2;10;DD;0;50066162;30033391;50071085;50085184;2;3;13;21;21;19;12;21;46;61;1;2;false;false;false;false;false;false;false
204506;11;3;11;HE;1;50076212;;50080162;;1;2;21;12;21;14;0;0;42;26;2;0;false;false;false;false;false;false;false
204506;11;4;12;HE;2;50057877;;50064508;;2;2;16;21;13;21;0;0;29;42;0;2;false;false;false;false;false;false;false
204506;11;5;13;DE;1;50079912;;50071085;;2;3;21;17;11;21;19;21;51;59;1;2;false;false;false;false;false;false;false
204506;11;6;14;DE;2;50066162;;50085184;;1;2;21;9;21;15;0;0;42;24;2;0;false;false;false;false;false;false;false
204506;11;7;15;GD;1;50076212;50066162;50070492;50062153;1;2;21;9;21;16;0;0;42;25;2;0;false;false;false;false;false;false;false
204506;11;8;16;GD;2;50057877;30033391;50064508;50085184;1;3;21;14;19;21;21;17;61;52;2;1;false;false;false;false;false;false;false
204506;12;1;17;HD;0;50078488;50069310;50080162;50070492;1;2;21;15;21;15;0;0;42;30;2;0;false;false;false;false;false;false;false
204506;12;2;18;DD;0;50092008;50089298;50071085;50085184;2;3;21;17;15;21;19;21;55;59;1;2;false;false;false;false;false;false;false
204506;12;3;19;HE;1;50078488;;50080162;;1;2;21;8;21;6;0;0;42;14;2;0;false;false;false;false;false;false;false
204506;12;4;20;HE;2;50070414;;50064508;;2;2;14;21;18;21;0;0;32;42;0;2;false;false;false;false;false;false;false
204506;12;5;21;DE;1;50092008;;50071085;;1;2;21;12;22;20;0;0;43;32;2;0;false;false;false;false;false;false;false
204506;12;6;22;DE;2;50065873;;50085184;;2;2;11;21;6;21;0;0;17;42;0;2;false;false;false;false;false;false;false
204506;12;7;23;GD;1;50069310;50089298;50070492;50062153;1;2;21;10;21;8;0;0;42;18;2;0;false;false;false;false;false;false;false
204506;12;8;24;GD;2;50078488;50065873;50064508;50085184;1;3;8;21;21;17;21;11;50;49;2;1;false;false;false;false;false;false;false
204506;14;1;25;HD;0;50076212;50057877;50072104;50094252;1;2;21;14;21;11;0;0;42;25;2;0;false;false;false;false;false;false;false
204506;14;2;26;DD;0;50066162;30033391;50081509;50098548;2;2;22;24;17;21;0;0;39;45;0;2;false;false;false;false;false;false;false
204506;14;3;27;HE;1;50076212;;50094252;;1;2;21;16;21;16;0;0;42;32;2;0;false;false;false;false;false;false;false
204506;14;4;28;HE;2;50057877;;50072104;;1;2;21;19;21;9;0;0;42;28;2;0;false;false;false;false;false;false;false
204506;14;5;29;DE;1;50079912;;50081509;;2;2;16;21;16;21;0;0;32;42;0;2;false;false;false;false;false;false;false
204506;14;6;30;DE;2;50066162;;50098548;;2;3;16;21;21;15;16;21;53;57;1;2;false;false;false;false;false;false;false
204506;14;7;31;GD;1;50076212;50066162;50094252;50098548;1;2;21;13;21;14;0;0;42;27;2;0;false;false;false;false;false;false;false
204506;14;8;32;GD;2;50057877;50079912;50020945;50081509;1;3;21;15;16;21;21;15;58;51;2;1;false;false;false;false;false;false;false
204506;15;1;33;HD;0;50078488;50069310;50020945;50072104;1;2;21;13;21;18;0;0;42;31;2;0;false;false;false;false;false;false;false
204506;15;2;34;DD;0;50065873;30081368;50098548;50081509;2;2;16;21;13;21;0;0;29;42;0;2;false;false;false;false;false;false;false
204506;15;3;35;HE;1;50078488;;50072104;;1;2;21;17;21;17;0;0;42;34;2;0;false;false;false;false;false;false;false
204506;15;4;36;HE;2;50070414;;50074397;;1;2;21;8;21;14;0;0;42;22;2;0;false;false;false;false;false;false;false
204506;15;5;37;DE;1;50089298;;50081509;;2;2;9;21;14;21;0;0;23;42;0;2;false;false;false;false;false;false;false
204506;15;6;38;DE;2;30081368;;50098548;;2;3;22;20;18;21;20;22;60;63;1;2;false;false;false;false;false;false;false
204506;15;7;39;GD;1;50069310;50089298;50020945;50081509;1;2;21;17;21;15;0;0;42;32;2;0;false;false;false;false;false;false;false
204506;15;8;40;GD;2;50078488;50065873;50072104;50098548;1;2;21;12;21;15;0;0;42;27;2;0;false;false;false;false;false;false;false
204506;16;1;41;HD;0;50080162;50070492;50020945;50072104;2;3;19;21;23;21;16;21;58;63;1;2;false;false;false;false;false;false;false
204506;16;2;42;DD;0;50071085;50085184;50081509;50098548;2;3;21;13;19;21;16;21;56;55;1;2;false;false;false;false;false;false;false
204506;16;3;43;HE;1;50064508;;50072104;;1;2;21;14;21;10;0;0;42;24;2;0;false;false;false;false;false;false;false
204506;16;4;44;HE;2;50090875;;50074397;;1;2;21;14;21;14;0;0;42;28;2;0;false;false;false;false;false;false;false
204506;16;5;45;DE;1;50071085;;50081509;;1;2;22;20;21;18;0;0;43;38;2;0;false;false;false;false;false;false;false
204506;16;6;46;DE;2;50085184;;50098548;;1;3;21;18;18;21;21;17;60;56;2;1;false;false;false;false;false;false;false
204506;16;7;47;GD;1;50070492;50085184;50020945;50081509;1;3;21;13;13;21;21;18;55;52;2;1;false;false;false;false;false;false;false
204506;16;8;48;GD;2;50064508;50085519;50072104;50098548;1;2;21;5;21;10;0;0;42;15;2;0;false;false;false;false;false;false;false
204506;65;1;129;HD;0;50076212;50057877;50056875;50082610;1;3;21;16;17;21;21;19;59;56;2;1;false;false;false;false;false;false;false
204506;65;2;130;DD;0;50066162;30033391;50075943;50055238;2;3;16;21;23;21;17;21;56;63;1;2;false;false;false;false;false;false;false
204506;65;3;131;HE;1;30085266;;50082610;;2;2;15;21;13;21;0;0;28;42;0;2;false;false;false;false;false;false;false
204506;65;4;132;HE;2;50057877;;50084667;;1;3;16;21;21;11;22;20;59;52;2;1;false;false;false;false;false;false;false
204506;65;5;133;DE;1;50066162;;50075943;;2;2;12;21;19;21;0;0;31;42;0;2;false;false;false;false;false;false;false
204506;65;6;134;DE;2;50079912;;50068658;;1;2;21;12;21;17;0;0;42;29;2;0;false;false;false;false;false;false;false
204506;65;7;135;GD;1;50076212;50066162;50056875;50055238;1;2;29;27;21;15;0;0;50;42;2;0;false;false;false;false;false;false;false
204506;65;8;136;GD;2;30085266;50079912;50109206;50068658;1;2;21;15;22;20;0;0;43;35;2;0;false;false;false;false;false;false;false
204506;66;1;137;HD;0;50078488;50069310;50109206;50056875;1;2;21;13;21;15;0;0;42;28;2;0;false;false;false;false;false;false;false
204506;66;2;138;DD;0;50065873;50089298;50075943;50055238;1;3;26;24;16;21;21;15;63;60;2;1;false;false;false;false;false;false;false
204506;66;3;139;HE;1;50078488;;50082610;;1;2;21;15;21;15;0;0;42;30;2;0;false;false;false;false;false;false;false
204506;66;4;140;HE;2;50070414;;50084667;;1;2;21;15;21;15;0;0;42;30;2;0;false;false;false;false;false;false;false
204506;66;5;141;DE;1;50065873;;50075943;;2;2;14;21;14;21;0;0;28;42;0;2;false;false;false;false;false;false;false
204506;66;6;142;DE;2;50070415;;50068658;;2;2;13;21;19;21;0;0;32;42;0;2;false;false;false;false;false;false;false
204506;66;7;143;GD;1;50069310;50089298;50056875;50055238;1;2;21;10;21;12;0;0;42;22;2;0;false;false;false;false;false;false;false
204506;66;8;144;GD;2;50078488;50065873;50109206;50068658;2;3;21;9;21;23;17;21;59;53;1;2;false;false;false;false;false;false;false
204506;67;1;145;HD;0;50080162;50070492;50056875;50082610;1;2;21;19;21;18;0;0;42;37;2;0;false;false;false;false;false;false;false
204506;67;2;146;DD;0;50071085;50085519;50075943;50055238;2;3;17;21;21;18;19;21;57;60;1;2;false;false;false;false;false;false;false
204506;67;3;147;HE;1;50064508;;50082610;;1;2;21;5;21;12;0;0;42;17;2;0;false;false;false;false;false;false;false
204506;67;4;148;HE;2;50090875;;50084667;;2;2;13;21;21;23;0;0;34;44;0;2;false;false;false;false;false;false;false
204506;67;5;149;DE;1;50071085;;50075943;;2;3;19;21;21;14;18;21;58;56;1;2;false;false;false;false;false;false;false
204506;67;6;150;DE;2;50085519;;50068658;;1;2;23;21;23;21;0;0;46;42;2;0;false;false;false;false;false;false;false
204506;67;7;151;GD;1;50070492;50085519;50056875;50055238;2;2;20;22;18;21;0;0;38;43;0;2;false;false;false;false;false;false;false
204506;67;8;152;GD;2;50064508;50071085;50082610;50068658;1;2;24;22;21;13;0;0;45;35;2;0;false;false;false;false;false;false;false
204506;68;1;153;HD;0;50072104;50074397;50082610;50056875;2;2;13;21;20;22;0;0;33;43;0;2;false;false;false;false;false;false;false
204506;68;2;154;DD;0;50081509;50098548;50075943;50055238;1;2;21;19;21;15;0;0;42;34;2;0;false;false;false;false;false;false;false
204506;68;3;155;HE;1;50062105;;50082610;;2;3;21;12;18;21;10;21;49;54;1;2;false;false;false;false;false;false;false
204506;68;4;156;HE;2;50086245;;50084667;;1;2;21;9;21;12;0;0;42;21;2;0;false;false;false;false;false;false;false
204506;68;5;157;DE;1;50081509;;50075943;;1;3;15;21;21;7;21;18;57;46;2;1;false;false;false;false;false;false;false
204506;68;6;158;DE;2;50098548;;50068658;;1;2;21;18;21;7;0;0;42;25;2;0;false;false;false;false;false;false;false
204506;68;7;159;GD;1;50062105;50081509;50056875;50055238;1;2;25;23;21;15;0;0;46;38;2;0;false;false;false;false;false;false;false
204506;68;8;160;GD;2;50086245;50077763;50082610;50068658;2;3;18;21;21;17;17;21;56;59;1;2;false;false;false;false;false;false;false
204506;72;1;161;HD;0;50076212;50057877;50085505;50066225;1;2;21;18;21;19;0;0;42;37;2;0;false;false;false;false;false;false;false
204506;72;2;162;DD;0;50079912;30033391;50110011;50085114;1;2;21;11;21;17;0;0;42;28;2;0;false;false;false;false;false;false;false
204506;72;3;163;HE;1;50076212;;50085505;;1;2;21;11;25;23;0;0;46;34;2;0;false;false;false;false;false;false;false
204506;72;4;164;HE;2;30085266;;50092888;;1;3;16;21;21;9;21;15;58;45;2;1;false;false;false;false;false;false;false
204506;72;5;165;DE;1;50066162;;50110011;;1;2;21;13;21;13;0;0;42;26;2;0;false;false;false;false;false;false;false
204506;72;6;166;DE;2;50079912;;50081826;;2;2;18;21;18;21;0;0;36;42;0;2;false;false;false;false;false;false;false
204506;72;7;167;GD;1;50076212;30033391;50072775;50081826;1;3;19;21;21;19;21;12;61;52;2;1;false;false;false;false;false;false;false
204506;72;8;168;GD;2;50057877;50079912;50066225;50110011;1;3;16;21;21;16;21;19;58;56;2;1;false;false;false;false;false;false;false
204506;73;1;169;HD;0;50078488;50069310;50085505;50066225;1;3;21;19;17;21;21;14;59;54;2;1;false;false;false;false;false;false;false
204506;73;2;170;DD;0;50065873;50089298;50110011;50085114;1;2;21;8;21;7;0;0;42;15;2;0;false;false;false;false;false;false;false
204506;73;3;171;HE;1;50070414;;50085505;;1;2;21;15;21;15;0;0;42;30;2;0;false;false;false;false;false;false;false
204506;73;4;172;HE;2;50069310;;50072775;;1;2;21;16;21;18;0;0;42;34;2;0;false;false;false;false;false;false;false
204506;73;5;173;DE;1;50092008;;50110011;;1;2;21;12;21;17;0;0;42;29;2;0;false;false;false;false;false;false;false
204506;73;6;174;DE;2;50065873;;50081826;;2;2;18;21;9;21;0;0;27;42;0;2;false;false;false;false;false;false;false
204506;73;7;175;GD;1;50070414;50092008;50072775;50081826;2;3;22;20;14;21;14;21;50;62;1;2;false;false;false;false;false;false;false
204506;73;8;176;GD;2;50069310;50065873;50085505;50085114;1;3;21;9;18;21;21;12;60;42;2;1;false;false;false;false;false;false;false
204506;74;1;177;HD;0;50070492;50080162;50085505;50072775;1;3;22;20;18;21;22;20;62;61;2;1;false;false;false;false;false;false;false
204506;74;2;178;DD;0;50071085;50085184;50081826;50099361;1;2;21;8;21;11;0;0;42;19;2;0;false;false;false;false;false;false;false
204506;74;3;179;HE;1;50080162;;50085505;;2;2;11;21;10;21;0;0;21;42;0;2;false;false;false;false;false;false;false
204506;74;4;180;HE;2;50090875;;50066225;;2;2;16;21;16;21;0;0;32;42;0;2;false;false;false;false;false;false;false
204506;74;5;181;DE;1;50071085;;50099361;;1;2;21;19;21;14;0;0;42;33;2;0;false;false;false;false;false;false;false
204506;74;6;182;DE;2;50085184;;50110011;;1;2;21;13;21;14;0;0;42;27;2;0;false;false;false;false;false;false;false
204506;74;7;183;GD;1;50085184;50070492;50072775;50081826;2;3;20;22;21;16;15;21;56;59;1;2;false;false;false;false;false;false;false
204506;74;8;184;GD;2;50071085;50090875;50066225;50085114;1;3;24;22;16;21;21;15;61;58;2;1;false;false;false;false;false;false;false
204506;75;1;185;HD;0;50074397;50094252;50085505;50066225;2;3;21;23;21;12;14;21;56;56;1;2;false;false;false;false;false;false;false
204506;75;2;186;DD;0;50081509;50077763;50081826;50085114;1;2;21;11;21;17;0;0;42;28;2;0;false;false;false;false;false;false;false
204506;75;3;187;HE;1;50062105;;50085505;;2;2;18;21;19;21;0;0;37;42;0;2;false;false;false;false;false;false;false
204506;75;4;188;HE;2;50086245;;50092888;;1;2;21;11;21;15;0;0;42;26;2;0;false;false;false;false;false;false;false
204506;75;5;189;DE;1;50081509;;50099361;;1;2;21;18;21;14;0;0;42;32;2;0;false;false;false;false;false;false;false
204506;75;6;190;DE;2;50098548;;50110011;;1;2;21;19;21;14;0;0;42;33;2;0;false;false;false;false;false;false;false
204506;75;7;191;GD;1;50062105;50081509;50092888;50099361;1;2;21;10;21;16;0;0;42;26;2;0;false;false;false;false;false;false;false
204506;75;8;192;GD;2;50072104;50098548;50066225;50081826;2;2;14;21;16;21;0;0;30;42;0;2;false;false;false;false;false;false;false
204506;76;1;193;HD;0;50056875;50082610;50085505;50066225;1;3;19;21;21;13;21;18;61;52;2;1;false;false;false;false;false;false;false
204506;76;2;194;DD;0;50075943;50055238;50081826;50099361;1;2;21;16;21;8;0;0;42;24;2;0;false;false;false;false;false;false;false
204506;76;3;195;HE;1;50082610;;50085505;;1;3;16;21;22;20;21;13;59;54;2;1;false;false;false;false;false;false;false
204506;76;4;196;HE;2;50084667;;50092888;;1;3;21;14;16;21;21;12;58;47;2;1;false;false;false;false;false;false;false
204506;76;5;197;DE;1;50075943;;50099361;;1;2;21;19;21;16;0;0;42;35;2;0;false;false;false;false;false;false;false
204506;76;6;198;DE;2;50068658;;50110011;;2;3;14;21;21;17;16;21;51;59;1;2;false;false;false;false;false;false;false
204506;76;7;199;GD;1;50056875;50055238;50072775;50081826;2;3;22;24;24;22;12;21;58;67;1;2;false;false;false;false;false;false;false
204506;76;8;200;GD;2;50109206;50068658;50066225;50085114;1;2;21;14;21;11;0;0;42;25;2;0;false;false;false;false;false;false;false
204506;79;1;201;HD;0;50076212;50057877;30033979;30018354;2;2;19;21;14;21;0;0;33;42;0;2;false;false;false;false;false;false;false
204506;79;2;202;DD;0;50079912;50066162;30038363;30043906;1;2;22;20;21;14;0;0;43;34;2;0;false;false;false;false;false;false;false
204506;79;3;203;HE;1;30020633;;30038404;;1;2;21;16;21;13;0;0;42;29;2;0;false;false;false;false;false;false;false
204506;79;4;204;HE;2;50076212;;30033979;;1;3;14;21;21;18;21;16;56;55;2;1;false;false;false;false;false;false;false
204506;79;5;205;DE;1;50066162;;30038363;;1;2;21;6;21;5;0;0;42;11;2;0;false;false;false;false;false;false;false
204506;79;6;206;DE;2;50079912;;30043906;;1;3;21;14;21;23;21;6;63;43;2;1;false;false;false;false;false;false;false
204506;79;7;207;GD;1;30020633;50079912;30038404;30038363;1;2;21;15;21;19;0;0;42;34;2;0;false;false;false;false;false;false;false
204506;79;8;208;GD;2;50076212;50066162;30033979;30043906;1;2;21;19;21;16;0;0;42;35;2;0;false;false;false;false;false;false;false
204506;80;1;209;HD;0;50069310;50070414;30033979;30018354;1;2;21;11;21;11;0;0;42;22;2;0;false;false;false;false;false;false;false
204506;80;2;210;DD;0;50065873;50089298;30043906;30038363;1;2;21;14;21;18;0;0;42;32;2;0;false;false;false;false;false;false;false
204506;80;3;211;HE;1;50078488;;30027602;;1;3;18;21;21;6;21;9;60;36;2;1;false;false;false;false;false;false;false
204506;80;4;212;HE;2;50070414;;30038404;;1;2;22;20;21;11;0;0;43;31;2;0;false;false;false;false;false;false;false
204506;80;5;213;DE;1;50089298;;30049253;;2;2;15;21;9;21;0;0;24;42;0;2;false;false;false;false;false;false;false
204506;80;6;214;DE;2;50065873;;30043906;;1;3;21;19;14;21;21;13;56;53;2;1;false;false;false;false;false;false;false
204506;80;7;215;GD;1;50069310;50089298;30027602;30038363;2;3;21;11;19;21;17;21;57;53;1;2;false;false;false;false;false;false;false
204506;80;8;216;GD;2;50078488;50065873;30033979;30049253;1;3;21;13;18;21;21;14;60;48;2;1;false;false;false;false;false;false;false
204506;81;1;217;HD;0;50080162;50070492;30038404;30033979;1;2;21;15;23;21;0;0;44;36;2;0;false;false;false;false;false;false;false
204506;81;2;218;DD;0;50071085;50085184;30038363;30043906;1;2;21;9;21;11;0;0;42;20;2;0;false;false;false;false;false;false;false
204506;81;3;219;HE;1;50080162;;30027602;;2;2;13;21;8;21;0;0;21;42;0;2;false;false;false;false;false;false;false
204506;81;4;220;HE;2;50090875;;30038404;;2;2;19;21;22;24;0;0;41;45;0;2;false;false;false;false;false;false;false
204506;81;5;221;DE;1;50071085;;30049253;;2;3;22;20;13;21;8;21;43;62;1;2;false;false;false;false;false;false;false
204506;81;6;222;DE;2;50085184;;30043906;;1;2;21;9;21;13;0;0;42;22;2;0;false;false;false;false;false;false;false
204506;81;7;223;GD;1;50070492;50085184;30027602;30038363;1;2;21;15;21;12;0;0;42;27;2;0;false;false;false;false;false;false;false
204506;81;8;224;GD;2;50090875;50071085;30033979;30049253;2;3;11;21;23;21;7;21;41;63;1;2;false;false;false;false;false;false;false
204506;82;1;225;HD;0;50072104;50094252;30033979;30018354;2;3;21;15;16;21;18;21;55;57;1;2;false;false;false;false;false;false;false
204506;82;2;226;DD;0;50098548;50081509;30038363;30049253;1;2;21;10;21;9;0;0;42;19;2;0;false;false;false;false;false;false;false
204506;82;3;227;HE;1;50094252;;30027602;;2;3;21;12;18;21;19;21;58;54;1;2;false;false;false;false;false;false;false
204506;82;4;228;HE;2;50020945;;30033979;;2;2;18;21;14;21;0;0;32;42;0;2;false;false;false;false;false;false;false
204506;82;5;229;DE;1;50081509;;30049253;;2;3;21;11;14;21;19;21;54;53;1;2;false;false;false;false;false;false;false
204506;82;6;230;DE;2;50098548;;30038363;;1;2;21;9;21;8;0;0;42;17;2;0;false;false;false;false;false;false;false
204506;82;7;231;GD;1;50081509;50072104;30027602;30038363;2;3;21;10;18;21;28;30;67;61;1;2;false;false;false;false;false;false;false
204506;82;8;232;GD;2;50094252;50098548;30033979;30049253;1;2;21;18;21;18;0;0;42;36;2;0;false;false;false;false;false;false;false
204506;83;1;233;HD;0;50109206;50056875;30033979;30018354;1;2;21;18;22;20;0;0;43;38;2;0;false;false;false;false;false;false;false
204506;83;2;234;DD;0;50075943;50055238;30038363;30049253;1;3;21;15;19;21;21;12;61;48;2;1;false;false;false;false;false;false;false
204506;83;3;235;HE;1;50082610;;30027602;;1;2;21;15;21;16;0;0;42;31;2;0;false;false;false;false;false;false;false
204506;83;4;236;HE;2;50084667;;30033979;;1;2;21;14;21;17;0;0;42;31;2;0;false;false;false;false;false;false;false
204506;83;5;237;DE;1;50075943;;30049253;;2;3;21;14;5;21;19;21;45;56;1;2;false;false;false;false;false;false;false
204506;83;6;238;DE;2;50068658;;30038363;;1;2;21;10;21;15;0;0;42;25;2;0;false;false;false;false;false;false;false
204506;83;7;239;GD;1;50056875;50055238;30027602;30038363;1;2;22;20;21;14;0;0;43;34;2;0;false;false;false;false;false;false;false
204506;83;8;240;GD;2;50109206;50068658;30033979;30049253;1;3;23;21;19;21;21;17;63;59;2;1;false;false;false;false;false;false;false
204506;84;1;241;HD;0;50066225;50072775;30033979;30018354;1;2;21;17;21;14;0;0;42;31;2;0;false;false;false;false;false;false;false
204506;84;2;242;DD;0;50081826;50110011;30038363;30043906;1;2;21;13;24;22;0;0;45;35;2;0;false;false;false;false;false;false;false
204506;84;3;243;HE;1;50085505;;30038404;;1;2;21;13;21;16;0;0;42;29;2;0;false;false;false;false;false;false;false
204506;84;4;244;HE;2;50092888;;30033979;;2;2;18;21;19;21;0;0;37;42;0;2;false;false;false;false;false;false;false
204506;84;5;245;DE;1;50110011;;30049253;;2;2;19;21;8;21;0;0;27;42;0;2;false;false;false;false;false;false;false
204506;84;6;246;DE;2;50081826;;30043906;;1;2;21;16;21;11;0;0;42;27;2;0;false;false;false;false;false;false;false
204506;84;7;247;GD;1;50072775;50081826;30038404;30038363;1;2;21;15;21;18;0;0;42;33;2;0;false;false;false;false;false;false;false
204506;84;8;248;GD;2;50066225;50085114;30033979;30043906;1;2;21;17;21;15;0;0;42;32;2;0;false;false;false;false;false;false;false
204506;86;1;249;HD;0;50076212;50057877;50872648;50063870;1;3;12;21;21;18;21;15;54;54;2;1;false;false;false;false;false;false;false
204506;86;2;250;DD;0;50079912;50066162;50089246;50093246;2;3;21;17;19;21;20;22;60;60;1;2;false;false;false;false;false;false;false
204506;86;3;251;HE;1;50093263;;50872648;;1;3;12;21;21;15;21;14;54;50;2;1;false;false;false;false;false;false;false
204506;86;4;252;HE;2;50076212;;50053879;;1;2;21;16;21;11;0;0;42;27;2;0;false;false;false;false;false;false;false
204506;86;5;253;DE;1;50079912;;50067185;;2;2;4;21;10;21;0;0;14;42;0;2;false;false;false;false;false;false;false
204506;86;6;254;DE;2;50066162;;50093246;;1;2;21;15;21;8;0;0;42;23;2;0;false;false;false;false;false;false;false
204506;86;7;255;GD;1;50076212;50066162;50063870;50067185;1;3;19;21;21;10;21;11;61;42;2;1;false;false;false;false;false;false;false
204506;86;8;256;GD;2;50093263;50079912;50053879;50089246;1;3;21;13;16;21;21;17;58;51;2;1;false;false;false;false;false;false;false
204506;87;1;257;HD;0;50070414;50069310;50872648;50063870;2;3;21;12;15;21;16;21;52;54;1;2;false;false;false;false;false;false;false
204506;87;2;258;DD;0;50092008;50089298;50089246;50093246;1;2;21;7;21;12;0;0;42;19;2;0;false;false;false;false;false;false;false
204506;87;3;259;HE;1;50078488;;50872648;;1;2;21;10;21;15;0;0;42;25;2;0;false;false;false;false;false;false;false
204506;87;4;260;HE;2;50070414;;50053879;;1;2;21;10;21;10;0;0;42;20;2;0;false;false;false;false;false;false;false
204506;87;5;261;DE;1;50092008;;50093246;;1;2;21;13;21;8;0;0;42;21;2;0;false;false;false;false;false;false;false
204506;87;6;262;DE;2;50065873;;50089246;;1;3;21;13;16;21;21;18;58;52;2;1;false;false;false;false;false;false;false
204506;87;7;263;GD;1;50069310;50089298;50063870;50093246;1;2;21;6;21;16;0;0;42;22;2;0;false;false;false;false;false;false;false
204506;87;8;264;GD;2;50078488;50065873;50053879;50089246;1;2;21;3;21;5;0;0;42;8;2;0;false;false;false;false;false;false;false
204506;88;1;265;HD;0;50080162;50070492;50872648;50063870;2;2;9;21;16;21;0;0;25;42;0;2;false;false;false;false;false;false;false
204506;88;2;266;DD;0;50071085;50085184;50089246;50093246;1;2;21;15;21;16;0;0;42;31;2;0;false;false;false;false;false;false;false
204506;88;3;267;HE;1;50064508;;50061910;;1;2;21;14;21;17;0;0;42;31;2;0;false;false;false;false;false;false;false
204506;88;4;268;HE;2;50090875;;50872648;;1;3;21;10;19;21;21;19;61;50;2;1;false;false;false;false;false;false;false
204506;88;5;269;DE;1;50071085;;50067185;;1;2;21;9;21;11;0;0;42;20;2;0;false;false;false;false;false;false;false
204506;88;6;270;DE;2;50085184;;50093246;;1;2;21;13;21;4;0;0;42;17;2;0;false;false;false;false;false;false;false
204506;88;7;271;GD;1;50070492;50085519;50063870;50067185;1;2;22;20;21;17;0;0;43;37;2;0;false;false;false;false;false;false;false
204506;88;8;272;GD;2;50064508;50071085;50061910;50089246;1;2;21;10;21;16;0;0;42;26;2;0;false;false;false;false;false;false;false
204506;89;1;273;HD;0;50020945;50072104;50061910;50063870;2;3;13;21;21;12;16;21;50;54;1;2;false;false;false;false;false;false;false
204506;89;2;274;DD;0;50098548;50081509;50093246;50067185;1;3;17;21;21;13;21;18;59;52;2;1;false;false;false;false;false;false;false
204506;89;3;275;HE;1;50072104;;50061910;;1;2;21;11;21;14;0;0;42;25;2;0;false;false;false;false;false;false;false
204506;89;4;276;HE;2;50020945;;50872648;;1;3;15;21;22;20;21;12;58;53;2;1;false;false;false;false;false;false;false
204506;89;5;277;DE;1;50081509;;50093246;;1;2;21;11;21;11;0;0;42;22;2;0;false;false;false;false;false;false;false
204506;89;6;278;DE;2;50098548;;50089246;;1;2;22;20;21;17;0;0;43;37;2;0;false;false;false;false;false;false;false
204506;89;7;279;GD;1;50020945;50081509;50872648;50067185;1;2;21;13;21;15;0;0;42;28;2;0;false;false;false;false;false;false;false
204506;89;8;280;GD;2;50072104;50098548;50053879;50089246;1;3;20;22;21;19;21;18;62;59;2;1;false;false;false;false;false;false;false
204506;90;1;281;HD;0;50056875;50082610;50063870;50872648;1;2;21;15;22;20;0;0;43;35;2;0;false;false;false;false;false;false;false
204506;90;2;282;DD;0;50075943;50055238;50089246;50093246;1;3;21;19;20;22;21;19;62;60;2;1;false;false;false;false;false;false;false
204506;90;3;283;HE;1;50082610;;50872648;;1;3;19;21;21;14;21;11;61;46;2;1;false;false;false;false;false;false;false
204506;90;4;284;HE;2;50084667;;50053879;;1;2;21;13;21;13;0;0;42;26;2;0;false;false;false;false;false;false;false
204506;90;5;285;DE;1;50075943;;50067185;;1;2;21;19;21;15;0;0;42;34;2;0;false;false;false;false;false;false;false
204506;90;6;286;DE;2;50068658;;50093246;;2;3;16;21;21;19;19;21;56;61;1;2;false;false;false;false;false;false;false
204506;90;7;287;GD;1;50056875;50055238;50063870;50067185;2;2;29;30;14;21;0;0;43;51;0;2;false;false;false;false;false;false;false
204506;90;8;288;GD;2;50082610;50068658;50053879;50089246;1;3;21;18;15;21;21;16;57;55;2;1;false;false;false;false;false;false;false
204506;91;1;289;HD;0;50085505;50066225;50872648;50063870;1;2;21;14;21;18;0;0;42;32;2;0;false;false;false;false;false;false;false
204506;91;2;290;DD;0;50081826;50110011;50089246;50093246;1;3;19;21;21;16;21;18;61;55;2;1;false;false;false;false;false;false;false
204506;91;3;291;HE;1;50085505;;50063870;;1;2;21;9;21;15;0;0;42;24;2;0;false;false;false;false;false;false;false
204506;91;4;292;HE;2;50092888;;50053879;;1;2;24;22;21;8;0;0;45;30;2;0;false;false;false;false;false;false;false
204506;91;5;293;DE;1;50099361;;50093246;;1;2;21;13;21;12;0;0;42;25;2;0;false;false;false;false;false;false;false
204506;91;6;294;DE;2;50110011;;50089246;;1;2;21;15;21;19;0;0;42;34;2;0;false;false;false;false;false;false;false
204506;91;7;295;GD;1;50072775;50081826;50053879;50089246;1;2;21;12;21;17;0;0;42;29;2;0;false;false;false;false;false;false;false
204506;91;8;296;GD;2;50066225;50085114;50872648;50093246;1;3;21;17;17;21;21;19;59;57;2;1;false;false;false;false;false;false;false
204506;92;1;297;HD;0;30033979;30018354;50872648;50063870;2;2;17;21;19;21;0;0;36;42;0;2;false;false;false;false;false;false;false
204506;92;2;298;DD;0;30038363;30043906;50089246;50093246;2;2;11;21;13;21;0;0;24;42;0;2;false;false;false;false;false;false;false
204506;92;3;299;HE;1;30038404;;50061910;;2;3;14;21;21;19;12;21;47;61;1;2;false;false;false;false;false;false;false
204506;92;4;300;HE;2;30033979;;50872648;;1;2;21;17;21;11;0;0;42;28;2;0;false;false;false;false;false;false;false
204506;92;5;301;DE;1;30049253;;50067185;;1;2;21;0;21;6;0;0;42;6;2;0;false;false;false;false;false;false;false
204506;92;6;302;DE;2;30043906;;50093246;;2;2;16;21;17;21;0;0;33;42;0;2;false;false;false;false;false;false;false
204506;92;7;303;GD;1;30033979;30038363;50063870;50067185;2;2;10;21;18;21;0;0;28;42;0;2;false;false;false;false;false;false;false
204506;92;8;304;GD;2;30038404;30049253;50061910;50089246;2;2;20;22;16;21;0;0;36;43;0;2;false;false;false;false;false;false;false
204506;122;1;353;HD;0;50072437;50067832;50023888;50000608;1;3;18;21;21;17;21;18;60;56;2;1;false;false;false;false;false;false;false
204506;122;2;354;DD;0;50059706;50056838;50079208;50521861;1;2;21;17;21;17;0;0;42;34;2;0;false;false;false;false;false;false;false
204506;122;3;355;HE;1;50093807;;50069448;;1;3;22;20;18;21;22;20;62;61;2;1;false;false;false;false;false;false;false
204506;122;4;356;HE;2;50067832;;50023888;;1;3;25;23;18;21;21;15;64;59;2;1;false;false;false;false;false;false;false
204506;122;5;357;DE;1;50066313;;50521861;;1;3;15;21;21;13;21;12;57;46;2;1;false;false;false;false;false;false;false
204506;122;6;358;DE;2;50056838;;50079208;;1;3;21;18;18;21;21;19;60;58;2;1;false;false;false;false;false;false;false
204506;122;7;359;GD;1;50093807;50066313;50000608;50079208;1;2;21;16;22;20;0;0;43;36;2;0;false;false;false;false;false;false;false
204506;122;8;360;GD;2;50072437;50059706;50069448;50521861;2;2;19;21;16;21;0;0;35;42;0;2;false;false;false;false;false;false;false
204506;129;1;361;HD;0;50072437;50093807;50109206;50061228;1;3;21;14;14;21;21;18;56;53;2;1;false;false;false;false;false;false;false
204506;129;2;362;DD;0;50059706;50066313;50091428;50104831;1;3;21;17;20;22;21;10;62;49;2;1;false;false;false;false;false;false;false
204506;129;3;363;HE;1;50093807;;50058137;;1;2;21;14;21;19;0;0;42;33;2;0;false;false;false;false;false;false;false
204506;129;4;364;HE;2;50093094;;50061228;;2;2;14;21;19;21;0;0;33;42;0;2;false;false;false;false;false;false;false
204506;129;5;365;DE;1;50066313;;50081029;;2;2;12;21;14;21;0;0;26;42;0;2;false;false;false;false;false;false;false
204506;129;6;366;DE;2;50094280;;50091428;;1;2;21;16;21;16;0;0;42;32;2;0;false;false;false;false;false;false;false
204506;129;7;367;GD;1;50093807;50066313;50109206;50091428;1;3;21;14;16;21;23;21;60;56;2;1;false;false;false;false;false;false;false
204506;129;8;368;GD;2;50072437;50059706;50058137;50081029;1;2;21;14;21;12;0;0;42;26;2;0;false;false;false;false;false;false;false
204506;130;1;369;HD;0;50069448;50000608;50109206;50061228;1;2;21;14;21;13;0;0;42;27;2;0;false;false;false;false;false;false;false
204506;130;2;370;DD;0;50079208;50521861;50091428;50104831;1;2;22;20;21;12;0;0;43;32;2;0;false;false;false;false;false;false;false
204506;130;3;371;HE;1;50069448;;50058137;;2;2;10;21;10;21;0;0;20;42;0;2;false;false;false;false;false;false;false
204506;130;4;372;HE;2;50023888;;50061228;;2;2;15;21;12;21;0;0;27;42;0;2;false;false;false;false;false;false;false
204506;130;5;373;DE;1;50521861;;50081029;;1;2;21;13;21;15;0;0;42;28;2;0;false;false;false;false;false;false;false
204506;130;6;374;DE;2;50079208;;50056504;;2;2;7;21;0;21;0;0;7;42;0;2;false;false;false;false;false;false;false
204506;130;7;375;GD;1;50000608;50521861;50109206;50081029;2;2;15;21;14;21;0;0;29;42;0;2;false;false;false;false;false;false;false
204506;130;8;376;GD;2;50023888;50079208;50058137;50056504;2;2;0;21;0;21;0;0;0;42;0;2;false;false;false;false;false;false;false
204506;136;1;377;HD;0;50093807;50072437;30021797;30021205;1;2;21;19;21;15;0;0;42;34;2;0;false;false;false;false;false;false;false
204506;136;2;378;DD;0;50059706;50066313;30031822;30034367;1;2;21;12;21;13;0;0;42;25;2;0;false;false;false;false;false;false;false
204506;136;3;379;HE;1;50093807;;30021797;;1;3;18;21;21;15;21;8;60;44;2;1;false;false;false;false;false;false;false
204506;136;4;380;HE;2;50093094;;50093263;;2;3;18;21;21;16;12;21;51;58;1;2;false;false;false;false;false;false;false
204506;136;5;381;DE;1;50094280;;30048475;;1;3;19;21;23;21;21;15;63;57;2;1;false;false;false;false;false;false;false
204506;136;6;382;DE;2;50059706;;30031822;;1;2;21;17;21;15;0;0;42;32;2;0;false;false;false;false;false;false;false
204506;136;7;383;GD;1;50093094;50094280;30021205;50055770;2;3;22;24;23;21;16;21;61;66;1;2;false;false;false;false;false;false;false
204506;136;8;384;GD;2;50072437;50066313;50093263;30048475;1;3;21;15;18;21;21;15;60;51;2;1;false;false;false;false;false;false;false
204506;137;1;385;HD;0;50023888;50000608;30021205;30020633;2;2;19;21;16;21;0;0;35;42;0;2;false;false;false;false;false;false;false
204506;137;2;386;DD;0;50079208;50521861;50055770;30034367;1;2;21;9;21;14;0;0;42;23;2;0;false;false;false;false;false;false;false
204506;137;3;387;HE;1;50023888;;30021797;;2;2;9;21;8;21;0;0;17;42;0;2;false;false;false;false;false;false;false
204506;137;4;388;HE;2;50000608;;30020633;;2;2;11;21;6;21;0;0;17;42;0;2;false;false;false;false;false;false;false
204506;137;5;389;DE;1;50521861;;30048475;;1;2;21;19;21;12;0;0;42;31;2;0;false;false;false;false;false;false;false
204506;137;6;390;DE;2;50105856;;30031822;;2;2;16;21;11;21;0;0;27;42;0;2;false;false;false;false;false;false;false
204506;137;7;391;GD;1;50056165;50079208;30021205;50055770;2;2;18;21;17;21;0;0;35;42;0;2;false;false;false;false;false;false;false
204506;137;8;392;GD;2;50000608;50105856;30020633;30048475;2;2;9;21;13;21;0;0;22;42;0;2;false;false;false;false;false;false;false
204506;138;1;393;HD;0;50109206;50061228;30021205;30020633;2;2;18;21;19;21;0;0;37;42;0;2;false;false;false;false;false;false;false
204506;138;2;394;DD;0;50059467;50091428;30031822;30048475;1;2;21;17;21;18;0;0;42;35;2;0;false;false;false;false;false;false;false
204506;138;3;395;HE;1;50058137;;30021797;;1;2;21;18;21;14;0;0;42;32;2;0;false;false;false;false;false;false;false
204506;138;4;396;HE;2;50058438;;30020633;;2;2;9;21;11;21;0;0;20;42;0;2;false;false;false;false;false;false;false
204506;138;5;397;DE;1;50081029;;30048475;;1;3;18;21;21;18;21;15;60;54;2;1;false;false;false;false;false;false;false
204506;138;6;398;DE;2;50059467;;50055770;;2;3;13;21;21;13;9;21;43;55;1;2;false;false;false;false;false;false;false
204506;138;7;399;GD;1;50109206;50091428;30021205;50055770;2;2;17;21;18;21;0;0;35;42;0;2;false;false;false;false;false;false;false
204506;138;8;400;GD;2;50058137;50081029;30020633;30048475;2;3;21;19;16;21;13;21;50;61;1;2;false;false;false;false;false;false;false
204506;143;1;401;HD;0;50093807;50072437;50053763;50076939;2;3;20;22;21;13;24;26;65;61;1;2;false;false;false;false;false;false;false
204506;143;2;402;DD;0;50059706;50056838;50070415;50070524;1;3;17;21;21;11;21;14;59;46;2;1;false;false;false;false;false;false;false
204506;143;3;403;HE;1;50093807;;50053763;;2;3;21;18;21;23;18;21;60;62;1;2;false;false;false;false;false;false;false
204506;143;4;404;HE;2;50067832;;50086850;;1;2;21;13;21;15;0;0;42;28;2;0;false;false;false;false;false;false;false
204506;143;5;405;DE;1;50066313;;50070524;;1;3;21;16;14;21;21;7;56;44;2;1;false;false;false;false;false;false;false
204506;143;6;406;DE;2;50056838;;50108104;;1;3;21;12;18;21;21;16;60;49;2;1;false;false;false;false;false;false;false
204506;143;7;407;GD;1;50067832;50066313;50076939;50070415;1;3;16;21;21;16;21;16;58;53;2;1;false;false;false;false;false;false;false
204506;143;8;408;GD;2;50072437;50059706;50086850;50108104;1;2;21;16;21;16;0;0;42;32;2;0;false;false;false;false;false;false;false
204506;144;1;409;HD;0;50023888;50056165;50053763;50076939;2;2;8;21;12;21;0;0;20;42;0;2;false;false;false;false;false;false;false
204506;144;2;410;DD;0;50079208;50521861;50070415;50070524;1;3;19;21;21;9;21;19;61;49;2;1;false;false;false;false;false;false;false
204506;144;3;411;HE;1;50023888;;50053763;;2;2;11;21;14;21;0;0;25;42;0;2;false;false;false;false;false;false;false
204506;144;4;412;HE;2;50000608;;50086850;;1;3;21;19;19;21;21;16;61;56;2;1;false;false;false;false;false;false;false
204506;144;5;413;DE;1;50521861;;50070524;;1;2;21;14;21;14;0;0;42;28;2;0;false;false;false;false;false;false;false
204506;144;6;414;DE;2;50105856;;50070415;;2;2;10;21;11;21;0;0;21;42;0;2;false;false;false;false;false;false;false
204506;144;7;415;GD;1;50056165;50079208;50076939;50070524;2;2;14;21;11;21;0;0;25;42;0;2;false;false;false;false;false;false;false
204506;144;8;416;GD;2;50000608;50521861;50086850;50070415;1;2;21;14;21;7;0;0;42;21;2;0;false;false;false;false;false;false;false
204506;145;1;417;HD;0;50058438;50061228;50061618;50053763;1;3;21;18;13;21;21;17;55;56;2;1;false;false;false;false;false;false;false
204506;145;2;418;DD;0;50059467;50081029;50070415;50070524;2;3;15;21;21;18;9;21;45;60;1;2;false;false;false;false;false;false;false
204506;145;3;419;HE;1;50058137;;50053763;;2;2;10;21;15;21;0;0;25;42;0;2;false;false;false;false;false;false;false
204506;145;4;420;HE;2;50058438;;50076939;;1;3;21;15;19;21;21;16;61;52;2;1;false;false;false;false;false;false;false
204506;145;5;421;DE;1;50081029;;50070524;;1;3;13;21;21;9;21;19;55;49;2;1;false;false;false;false;false;false;false
204506;145;6;422;DE;2;50059467;;50070415;;1;2;21;15;21;12;0;0;42;27;2;0;false;false;false;false;false;false;false
204506;145;7;423;GD;1;50058137;50059467;50061618;50070415;1;3;13;21;21;12;21;17;55;50;2;1;false;false;false;false;false;false;false
204506;145;8;424;GD;2;50061228;50081029;50076939;50070524;1;3;13;21;21;16;21;13;55;50;2;1;false;false;false;false;false;false;false
204506;146;1;425;HD;0;30020633;30021205;50076939;50061618;2;2;18;21;15;21;0;0;33;42;0;2;false;false;false;false;false;false;false
204506;146;2;426;DD;0;30031822;50077821;50070524;50070415;2;3;15;21;21;14;10;21;46;56;1;2;false;false;false;false;false;false;false
204506;146;3;427;HE;1;30021797;;50076939;;1;2;21;11;21;10;0;0;42;21;2;0;false;false;false;false;false;false;false
204506;146;4;428;HE;2;50093263;;50086850;;1;2;21;18;21;11;0;0;42;29;2;0;false;false;false;false;false;false;false
204506;146;5;429;DE;1;30048475;;50070524;;1;2;21;14;21;12;0;0;42;26;2;0;false;false;false;false;false;false;false
204506;146;6;430;DE;2;30034367;;50108104;;1;2;21;0;21;0;0;0;42;0;2;0;false;false;false;false;false;false;false
204506;146;7;431;GD;1;30021205;50055770;50076939;50070415;2;2;19;21;20;22;0;0;39;43;0;2;false;false;false;false;false;false;false
204506;146;8;432;GD;2;30020633;30048475;50061618;50101248;1;2;21;18;21;6;0;0;42;24;2;0;false;false;false;false;false;false;false
204506;150;1;433;HD;0;50072437;50067832;30025428;30026217;2;2;15;21;25;27;0;0;40;48;0;2;false;false;false;false;false;false;false
204506;150;2;434;DD;0;50059706;50056838;30049240;30028877;1;2;21;17;21;12;0;0;42;29;2;0;false;false;false;false;false;false;false
204506;150;3;435;HE;1;50093807;;30025428;;1;3;21;17;16;21;21;15;58;53;2;1;false;false;false;false;false;false;false
204506;150;4;436;HE;2;50067832;;30033824;;1;3;21;19;15;21;21;18;57;58;2;1;false;false;false;false;false;false;false
204506;150;5;437;DE;1;50059706;;30028877;;2;2;13;21;21;23;0;0;34;44;0;2;false;false;false;false;false;false;false
204506;150;6;438;DE;2;50056838;;30036956;;1;2;21;19;21;14;0;0;42;33;2;0;false;false;false;false;false;false;false
204506;150;7;439;GD;1;50093807;50056838;30026217;30049240;1;2;21;12;21;14;0;0;42;26;2;0;false;false;false;false;false;false;false
204506;150;8;440;GD;2;50072437;50059706;30033824;30028877;2;2;19;21;14;21;0;0;33;42;0;2;false;false;false;false;false;false;false
204506;151;1;441;HD;0;50069448;50000608;30025428;30026217;1;3;21;19;18;21;21;14;60;54;2;1;false;false;false;false;false;false;false
204506;151;2;442;DD;0;50079208;50521861;30049240;30028877;1;2;21;17;21;11;0;0;42;28;2;0;false;false;false;false;false;false;false
204506;151;3;443;HE;1;50069448;;30025428;;1;2;21;10;21;16;0;0;42;26;2;0;false;false;false;false;false;false;false
204506;151;4;444;HE;2;50000608;;30026217;;2;2;17;21;5;21;0;0;22;42;0;2;false;false;false;false;false;false;false
204506;151;5;445;DE;1;50521861;;30028877;;2;2;24;26;9;21;0;0;33;47;0;2;false;false;false;false;false;false;false
204506;151;6;446;DE;2;50105856;;30036956;;2;2;10;21;7;21;0;0;17;42;0;2;false;false;false;false;false;false;false
204506;151;7;447;GD;1;50056165;50079208;30026217;30049240;2;2;17;21;24;26;0;0;41;47;0;2;false;false;false;false;false;false;false
204506;151;8;448;GD;2;50069448;50521861;30025428;30028877;1;3;16;21;21;19;21;17;58;57;2;1;false;false;false;false;false;false;false
204506;152;1;449;HD;0;50109206;50061228;30025428;30033824;2;2;23;25;14;21;0;0;37;46;0;2;false;false;false;false;false;false;false
204506;152;2;450;DD;0;50075943;50091428;30049240;30028877;1;2;21;15;21;18;0;0;42;33;2;0;false;false;false;false;false;false;false
204506;152;3;451;HE;1;50058438;;30025428;;2;2;18;21;19;21;0;0;37;42;0;2;false;false;false;false;false;false;false
204506;152;4;452;HE;2;50061228;;30033824;;2;3;21;17;14;21;15;21;50;59;1;2;false;false;false;false;false;false;false
204506;152;5;453;DE;1;50075943;;30028877;;1;2;21;15;22;20;0;0;43;35;2;0;false;false;false;false;false;false;false
204506;152;6;454;DE;2;50081029;;30036956;;1;3;21;18;13;21;21;11;55;50;2;1;false;false;false;false;false;false;false
204506;152;7;455;GD;1;50109206;50091428;30033824;30028877;1;3;16;21;21;17;21;13;58;51;2;1;false;false;false;false;false;false;false
204506;152;8;456;GD;2;50061228;50081029;30025428;30049240;1;3;21;18;14;21;21;17;56;56;2;1;false;false;false;false;false;false;false
204506;153;1;457;HD;0;30020633;50093263;30033824;30026217;2;2;11;21;16;21;0;0;27;42;0;2;false;false;false;false;false;false;false
204506;153;2;458;DD;0;50055770;30034367;30049240;30028877;2;3;17;21;21;11;20;22;58;54;1;2;false;false;false;false;false;false;false
204506;153;3;459;HE;1;30021797;;30025428;;1;3;10;21;21;14;21;17;52;52;2;1;false;false;false;false;false;false;false
204506;153;4;460;HE;2;50093263;;30026217;;2;3;21;12;11;21;17;21;49;54;1;2;false;false;false;false;false;false;false
204506;153;5;461;DE;1;50077821;;30028877;;2;2;14;21;23;25;0;0;37;46;0;2;false;false;false;false;false;false;false
204506;153;6;462;DE;2;30031822;;30036956;;2;2;8;21;11;21;0;0;19;42;0;2;false;false;false;false;false;false;false
204506;153;7;463;GD;1;30021205;50055770;30026217;30049240;2;2;19;21;24;26;0;0;43;47;0;2;false;false;false;false;false;false;false
204506;153;8;464;GD;2;30020633;30048475;30025428;30028877;1;2;21;14;21;19;0;0;42;33;2;0;false;false;false;false;false;false;false
204506;154;1;465;HD;0;50061618;50076939;30025428;30026217;2;2;12;21;16;21;0;0;28;42;0;2;false;false;false;false;false;false;false
204506;154;2;466;DD;0;50070415;50070524;30049240;30028877;1;2;22;20;21;11;0;0;43;31;2;0;false;false;false;false;false;false;false
204506;154;3;467;HE;1;50076939;;30025428;;2;3;21;12;18;21;17;21;56;54;1;2;false;false;false;false;false;false;false
204506;154;4;468;HE;2;50086850;;30033824;;2;2;11;21;21;23;0;0;32;44;0;2;false;false;false;false;false;false;false
204506;154;5;469;DE;1;50108104;;30028877;;1;2;21;14;21;19;0;0;42;33;2;0;false;false;false;false;false;false;false
204506;154;6;470;DE;2;50101248;;30036956;;2;2;14;21;12;21;0;0;26;42;0;2;false;false;false;false;false;false;false
204506;154;7;471;GD;1;50076939;50070415;30026217;30049240;2;3;21;14;16;21;20;22;57;57;1;2;false;false;false;false;false;false;false
204506;154;8;472;GD;2;50086850;50101248;30033824;30028877;2;2;21;23;15;21;0;0;36;44;0;2;false;false;false;false;false;false;false
204506;157;1;473;HD;0;50072437;50067832;50069710;50080698;2;3;12;21;21;17;12;21;45;59;1;2;false;false;false;false;false;false;false
204506;157;2;474;DD;0;50059706;50056838;50103314;50066069;1;2;21;15;21;16;0;0;42;31;2;0;false;false;false;false;false;false;false
204506;157;3;475;HE;1;50093807;;50080698;;2;2;15;21;18;21;0;0;33;42;0;2;false;false;false;false;false;false;false
204506;157;4;476;HE;2;50067832;;50069103;;1;2;23;21;23;21;0;0;46;42;2;0;false;false;false;false;false;false;false
204506;157;5;477;DE;1;50059706;;50083838;;1;3;12;21;21;8;21;13;54;42;2;1;false;false;false;false;false;false;false
204506;157;6;478;DE;2;50056838;;50103314;;1;3;17;21;21;15;21;16;59;52;2;1;false;false;false;false;false;false;false
204506;157;7;479;GD;1;50093807;50056838;50080698;50066069;2;2;20;22;20;22;0;0;40;44;0;2;false;false;false;false;false;false;false
204506;157;8;480;GD;2;50072437;50059706;50081942;50083838;1;2;21;19;21;15;0;0;42;34;2;0;false;false;false;false;false;false;false
204506;158;1;481;HD;0;50000608;50023888;50080698;50069710;2;2;15;21;13;21;0;0;28;42;0;2;false;false;false;false;false;false;false
204506;158;2;482;DD;0;50079208;50521861;50103314;50063455;1;3;21;12;19;21;21;14;61;47;2;1;false;false;false;false;false;false;false
204506;158;3;483;HE;1;50069448;;50080698;;2;2;8;21;15;21;0;0;23;42;0;2;false;false;false;false;false;false;false
204506;158;4;484;HE;2;50000608;;50069103;;2;2;16;21;14;21;0;0;30;42;0;2;false;false;false;false;false;false;false
204506;158;5;485;DE;1;50521861;;50103314;;2;2;18;21;12;21;0;0;30;42;0;2;false;false;false;false;false;false;false
204506;158;6;486;DE;2;50079208;;50063455;;2;2;18;21;25;27;0;0;43;48;0;2;false;false;false;false;false;false;false
204506;158;7;487;GD;1;50000608;50079208;50069710;50063455;1;2;21;12;21;18;0;0;42;30;2;0;false;false;false;false;false;false;false
204506;158;8;488;GD;2;50069448;50521861;50081942;50103314;1;2;21;14;21;15;0;0;42;29;2;0;false;false;false;false;false;false;false
204506;159;1;489;HD;0;50109206;50061228;50080698;50069710;2;2;19;21;14;21;0;0;33;42;0;2;false;false;false;false;false;false;false
204506;159;2;490;DD;0;50075943;50091428;50103314;50063455;1;2;21;18;21;19;0;0;42;37;2;0;false;false;false;false;false;false;false
204506;159;3;491;HE;1;50058438;;50080698;;2;3;12;21;21;18;12;21;45;60;1;2;false;false;false;false;false;false;false
204506;159;4;492;HE;2;50061228;;50081942;;1;3;19;21;21;6;21;17;61;44;2;1;false;false;false;false;false;false;false
204506;159;5;493;DE;1;50075943;;50103314;;1;2;21;8;21;13;0;0;42;21;2;0;false;false;false;false;false;false;false
204506;159;6;494;DE;2;50081029;;50063455;;1;2;21;14;21;18;0;0;42;32;2;0;false;false;false;false;false;false;false
204506;159;7;495;GD;1;50109206;50091428;50080698;50063455;2;2;19;21;17;21;0;0;36;42;0;2;false;false;false;false;false;false;false
204506;159;8;496;GD;2;50058438;50081029;50069103;50103314;1;2;21;18;21;16;0;0;42;34;2;0;false;false;false;false;false;false;false
204506;160;1;497;HD;0;30021797;30021205;50069710;50080698;2;3;21;19;14;21;8;21;43;61;1;2;false;false;false;false;false;false;false
204506;160;2;498;DD;0;50055770;30048475;50103314;50063455;1;2;21;12;21;19;0;0;42;31;2;0;false;false;false;false;false;false;false
204506;160;3;499;HE;1;30021797;;50080698;;2;3;25;23;18;21;18;21;61;65;1;2;false;false;false;false;false;false;false
204506;160;4;500;HE;2;50093263;;50069103;;1;3;21;19;18;21;21;17;60;57;2;1;false;false;false;false;false;false;false
204506;160;5;501;DE;1;30034367;;50103314;;2;3;21;19;16;21;18;21;55;61;1;2;false;false;false;false;false;false;false
204506;160;6;502;DE;2;30031822;;50063455;;1;3;21;19;19;21;26;24;66;64;2;1;false;false;false;false;false;false;false
204506;160;7;503;GD;1;30021205;50055770;50080698;50103314;1;2;21;13;21;16;0;0;42;29;2;0;false;false;false;false;false;false;false
204506;160;8;504;GD;2;50093263;30048475;50069710;50063455;1;3;14;21;21;18;22;20;57;59;2;1;false;false;false;false;false;false;false
204506;161;1;505;HD;0;50061618;50076939;50069710;50080698;1;2;21;18;24;22;0;0;45;40;2;0;false;false;false;false;false;false;false
204506;161;2;506;DD;0;50070415;50070524;50103314;50063455;1;2;21;16;21;19;0;0;42;35;2;0;false;false;false;false;false;false;false
204506;161;3;507;HE;1;50053763;;50080698;;2;2;18;21;19;21;0;0;37;42;0;2;false;false;false;false;false;false;false
204506;161;4;508;HE;2;50086850;;50069103;;2;2;14;21;19;21;0;0;33;42;0;2;false;false;false;false;false;false;false
204506;161;5;509;DE;1;50070524;;50103314;;2;2;16;21;18;21;0;0;34;42;0;2;false;false;false;false;false;false;false
204506;161;6;510;DE;2;50108104;;50063455;;1;2;21;15;21;10;0;0;42;25;2;0;false;false;false;false;false;false;false
204506;161;7;511;GD;1;50076939;50070415;50080698;50063455;2;2;21;23;20;22;0;0;41;45;0;2;false;false;false;false;false;false;false
204506;161;8;512;GD;2;50053763;50101248;50069710;50103314;1;3;17;21;21;15;21;17;59;53;2;1;false;false;false;false;false;false;false
204506;162;1;513;HD;0;30025428;30026217;50069710;50080698;2;2;24;26;18;21;0;0;42;47;0;2;false;false;false;false;false;false;false
204506;162;2;514;DD;0;30049240;30028877;50066069;50063455;2;3;15;21;21;11;24;26;60;58;1;2;false;false;false;false;false;false;false
204506;162;3;515;HE;1;30025428;;50080698;;2;2;11;21;13;21;0;0;24;42;0;2;false;false;false;false;false;false;false
204506;162;4;516;HE;2;30033824;;50069103;;1;2;21;13;21;15;0;0;42;28;2;0;false;false;false;false;false;false;false
204506;162;5;517;DE;1;30028877;;50083838;;1;3;12;21;21;16;21;16;54;53;2;1;false;false;false;false;false;false;false
204506;162;6;518;DE;2;30036956;;50103314;;1;2;21;11;21;19;0;0;42;30;2;0;false;false;false;false;false;false;false
204506;162;7;519;GD;1;30026217;30049240;50080698;50063455;2;2;20;22;19;21;0;0;39;43;0;2;false;false;false;false;false;false;false
204506;162;8;520;GD;2;30033824;30028877;50081942;50083838;1;2;21;15;21;14;0;0;42;29;2;0;false;false;false;false;false;false;false
204506;164;1;521;HD;0;50093807;50072437;30050002;30016573;2;2;16;21;14;21;0;0;30;42;0;2;false;false;false;false;false;false;false
204506;164;2;522;DD;0;50059706;50056838;30056784;30039304;1;2;21;16;21;19;0;0;42;35;2;0;false;false;false;false;false;false;false
204506;164;3;523;HE;1;50093807;;30053692;;1;2;21;17;21;14;0;0;42;31;2;0;false;false;false;false;false;false;false
204506;164;4;524;HE;2;50067832;;30041648;;1;3;21;15;19;21;21;18;61;54;2;1;false;false;false;false;false;false;false
204506;164;5;525;DE;1;50066313;;30022052;;2;2;18;21;18;21;0;0;36;42;0;2;false;false;false;false;false;false;false
204506;164;6;526;DE;2;50056838;;30056784;;1;2;21;16;21;12;0;0;42;28;2;0;false;false;false;false;false;false;false
204506;164;7;527;GD;1;50067832;50066313;30053692;30022052;1;2;21;17;21;19;0;0;42;36;2;0;false;false;false;false;false;false;false
204506;164;8;528;GD;2;50072437;50059706;30050002;30039304;1;2;21;15;22;20;0;0;43;35;2;0;false;false;false;false;false;false;false
204506;165;1;529;HD;0;50023888;50000608;30050002;30016573;2;2;22;24;5;21;0;0;27;45;0;2;false;false;false;false;false;false;false
204506;165;2;530;DD;0;50079208;50521861;30056784;30039304;1;2;22;20;21;14;0;0;43;34;2;0;false;false;false;false;false;false;false
204506;165;3;531;HE;1;50069448;;30053692;;2;2;13;21;15;21;0;0;28;42;0;2;false;false;false;false;false;false;false
204506;165;4;532;HE;2;50000608;;30016573;;2;2;14;21;6;21;0;0;20;42;0;2;false;false;false;false;false;false;false
204506;165;5;533;DE;1;50521861;;30022052;;1;2;21;16;21;13;0;0;42;29;2;0;false;false;false;false;false;false;false
204506;165;6;534;DE;2;50079208;;30056784;;2;3;20;22;21;16;21;23;62;61;1;2;false;false;false;false;false;false;false
204506;165;7;535;GD;1;50000608;50079208;30053692;30022052;1;2;21;17;21;14;0;0;42;31;2;0;false;false;false;false;false;false;false
204506;165;8;536;GD;2;50069448;50521861;30050002;30039304;1;2;21;16;21;15;0;0;42;31;2;0;false;false;false;false;false;false;false
204506;166;1;537;HD;0;50109206;50061228;30050002;30053692;2;2;18;21;15;21;0;0;33;42;0;2;false;false;false;false;false;false;false
204506;166;2;538;DD;0;50059467;50091428;30022052;30056784;2;3;8;21;21;14;18;21;47;56;1;2;false;false;false;false;false;false;false
204506;166;3;539;HE;1;50058137;;30053692;;2;2;16;21;16;21;0;0;32;42;0;2;false;false;false;false;false;false;false
204506;166;4;540;HE;2;50061228;;30041648;;2;3;14;21;21;19;19;21;54;61;1;2;false;false;false;false;false;false;false
204506;166;5;541;DE;1;50081029;;30056784;;1;2;21;13;21;10;0;0;42;23;2;0;false;false;false;false;false;false;false
204506;166;6;542;DE;2;50059467;;30022052;;1;3;21;12;16;21;21;19;58;52;2;1;false;false;false;false;false;false;false
204506;166;7;543;GD;1;50109206;50091428;30053692;30022052;1;2;21;16;21;14;0;0;42;30;2;0;false;false;false;false;false;false;false
204506;166;8;544;GD;2;50061228;50081029;30050002;30056784;2;3;21;18;18;21;22;24;61;63;1;2;false;false;false;false;false;false;false
204506;167;1;545;HD;0;30021205;30020633;30050002;30041648;1;3;21;7;14;21;21;18;56;46;2;1;false;false;false;false;false;false;false
204506;167;2;546;DD;0;50055770;30048475;30022052;30025003;1;2;21;12;21;15;0;0;42;27;2;0;false;false;false;false;false;false;false
204506;167;3;547;HE;1;30020633;;30053692;;1;2;21;3;21;4;0;0;42;7;2;0;false;false;false;false;false;false;false
204506;167;4;548;HE;2;50093263;;30041648;;1;2;21;16;21;19;0;0;42;35;2;0;false;false;false;false;false;false;false
204506;167;5;549;DE;1;30034367;;30056784;;2;3;21;16;19;21;14;21;54;58;1;2;false;false;false;false;false;false;false
204506;167;6;550;DE;2;30031822;;30022052;;2;2;7;21;14;21;0;0;21;42;0;2;false;false;false;false;false;false;false
204506;167;7;551;GD;1;30021205;50055770;30053692;30025003;1;2;23;21;21;19;0;0;44;40;2;0;false;false;false;false;false;false;false
204506;167;8;552;GD;2;30020633;30048475;30050002;30056784;1;2;21;16;21;19;0;0;42;35;2;0;false;false;false;false;false;false;false
204506;168;1;553;HD;0;50076939;50061618;30050002;30016573;1;2;21;19;21;7;0;0;42;26;2;0;false;false;false;false;false;false;false
204506;168;2;554;DD;0;50070415;50070524;30056784;30039304;2;3;18;21;21;19;18;21;57;61;1;2;false;false;false;false;false;false;false
204506;168;3;555;HE;1;50093808;;30053692;;2;3;21;23;21;18;18;21;60;62;1;2;false;false;false;false;false;false;false
204506;168;4;556;HE;2;50076939;;30041648;;1;2;21;14;21;17;0;0;42;31;2;0;false;false;false;false;false;false;false
204506;168;5;557;DE;1;50070524;;30022052;;2;2;13;21;12;21;0;0;25;42;0;2;false;false;false;false;false;false;false
204506;168;6;558;DE;2;50101248;;30056784;;1;2;21;16;21;10;0;0;42;26;2;0;false;false;false;false;false;false;false
204506;168;7;559;GD;1;50061618;50070415;30053692;30022052;2;3;21;19;11;21;18;21;50;61;1;2;false;false;false;false;false;false;false
204506;168;8;560;GD;2;50093808;50101248;30050002;30039304;2;2;15;21;16;21;0;0;31;42;0;2;false;false;false;false;false;false;false
204506;169;1;561;HD;0;30025428;30026217;30050002;30016573;1;2;21;16;21;19;0;0;42;35;2;0;false;false;false;false;false;false;false
204506;169;2;562;DD;0;30049240;30028877;30056784;30039304;1;2;21;19;21;16;0;0;42;35;2;0;false;false;false;false;false;false;false
204506;169;3;563;HE;1;30025428;;30053692;;1;3;21;19;17;21;21;19;59;59;2;1;false;false;false;false;false;false;false
204506;169;4;564;HE;2;30033824;;30041648;;1;2;21;11;21;12;0;0;42;23;2;0;false;false;false;false;false;false;false
204506;169;5;565;DE;1;30028877;;30022052;;1;2;21;14;21;12;0;0;42;26;2;0;false;false;false;false;false;false;false
204506;169;6;566;DE;2;30036956;;30056784;;2;2;16;21;17;21;0;0;33;42;0;2;false;false;false;false;false;false;false
204506;169;7;567;GD;1;30026217;30049240;30053692;30039304;1;2;21;19;21;10;0;0;42;29;2;0;false;false;false;false;false;false;false
204506;169;8;568;GD;2;30033824;30028877;30050002;30025003;1;2;21;18;21;15;0;0;42;33;2;0;false;false;false;false;false;false;false
204506;170;1;569;HD;0;50069710;50080698;30050002;30041648;1;2;21;19;21;15;0;0;42;34;2;0;false;false;false;false;false;false;false
204506;170;2;570;DD;0;50103314;50063455;30022052;30056784;2;2;10;21;15;21;0;0;25;42;0;2;false;false;false;false;false;false;false
204506;170;3;571;HE;1;50080698;;30053692;;1;2;21;9;21;15;0;0;42;24;2;0;false;false;false;false;false;false;false
204506;170;4;572;HE;2;50081942;;30050002;;2;2;19;21;21;23;0;0;40;44;0;2;false;false;false;false;false;false;false
204506;170;5;573;DE;1;50083838;;30056784;;1;3;21;17;20;22;21;18;62;57;2;1;false;false;false;false;false;false;false
204506;170;6;574;DE;2;50103314;;30022052;;1;2;21;19;21;19;0;0;42;38;2;0;false;false;false;false;false;false;false
204506;170;7;575;GD;1;50080698;50063455;30053692;30056784;1;2;21;17;21;14;0;0;42;31;2;0;false;false;false;false;false;false;false
204506;170;8;576;GD;2;50069103;50083838;30041648;30022052;1;2;21;7;21;15;0;0;42;22;2;0;false;false;false;false;false;false;false
204506;197;1;657;HD;0;50092888;50066225;30033979;30018354;2;3;19;21;21;19;17;21;57;61;1;2;false;false;false;false;false;false;false
204506;197;2;658;DD;0;;;;;0;0;0;0;0;0;0;0;0;0;0;0;true;false;false;false;false;false;false
204506;197;3;659;HE;1;50085505;;30038404;;2;3;19;21;25;23;17;21;61;65;1;2;false;false;false;false;false;false;false
204506;197;4;660;HE;2;50092888;;30027602;;1;2;21;13;21;17;0;0;42;30;2;0;false;false;false;false;false;false;false
204506;197;5;661;DE;1;50099361;;30049253;;1;2;21;0;21;0;0;0;42;0;2;0;false;false;false;false;false;false;false
204506;197;6;662;DE;2;50081826;;30043906;;1;2;22;20;21;18;0;0;43;38;2;0;false;false;false;false;false;false;false
204506;197;7;663;GD;1;50072775;50081826;30027602;30038363;2;3;18;21;21;14;19;21;58;56;1;2;false;false;false;false;false;false;false
204506;197;8;664;GD;2;50066225;50085114;30033979;30015246;1;2;21;17;22;20;0;0;43;37;2;0;false;false;false;false;false;false;false
204506;200;1;665;HD;0;;;;;0;0;0;0;0;0;0;0;0;0;0;0;true;false;false;false;false;false;false
204506;200;2;666;DD;0;;;;;0;0;0;0;0;0;0;0;0;0;0;0;true;false;false;false;false;false;false
204506;200;3;667;HE;1;50064508;;50082610;;1;3;17;21;21;14;21;11;59;46;2;1;false;false;false;false;false;false;false
204506;200;4;668;HE;2;50090875;;50084667;;1;2;21;15;21;19;0;0;42;34;2;0;false;false;false;false;false;false;false
204506;200;5;669;DE;1;;;;;0;0;0;0;0;0;0;0;0;0;0;0;true;false;false;false;false;false;false
204506;200;6;670;DE;2;50085519;;50059467;;2;3;21;16;12;21;15;21;48;58;1;2;false;false;false;false;false;false;false
204506;200;7;671;GD;1;50070492;50085519;50082610;50055238;1;3;17;21;22;20;22;20;61;61;2;1;false;false;false;false;false;false;false
204506;200;8;672;GD;2;50064508;50085184;50109206;50059467;1;3;21;16;13;21;21;15;55;52;2;1;false;false;false;false;false;false;false
204506;203;1;673;HD;0;30021205;30020633;50058438;50061228;2;2;15;21;18;21;0;0;33;42;0;2;false;false;false;false;false;false;false
204506;203;2;674;DD;0;;;;;0;0;0;0;0;0;0;0;0;0;0;0;true;false;false;false;false;false;false
204506;203;3;675;HE;1;30021797;;50061228;;1;2;22;20;21;15;0;0;43;35;2;0;false;false;false;false;false;false;false
204506;203;4;676;HE;2;50093263;;50058137;;1;3;21;10;17;21;21;13;59;44;2;1;false;false;false;false;false;false;false
204506;203;5;677;DE;1;30034367;;50081029;;2;2;10;21;10;21;0;0;20;42;0;2;false;false;false;false;false;false;false
204506;203;6;678;DE;2;50055770;;50103067;;1;2;21;4;21;7;0;0;42;11;2;0;false;false;false;false;false;false;false
204506;203;7;679;GD;1;30021205;50055770;50058137;50091428;2;2;9;21;19;21;0;0;28;42;0;2;false;false;false;false;false;false;false
204506;203;8;680;GD;2;30020633;30048475;50058438;50081029;1;2;21;15;21;17;0;0;42;32;2;0;false;false;false;false;false;false;false
204506;206;1;681;HD;0;50072437;50067832;30025428;30026217;2;2;9;21;19;21;0;0;28;42;0;2;false;false;false;false;false;false;false
204506;206;2;682;DD;0;50059706;50056838;30049240;30036956;1;2;21;13;21;11;0;0;42;24;2;0;false;false;false;false;false;false;false
204506;206;3;683;HE;1;50093807;;30033824;;2;2;18;21;19;21;0;0;37;42;0;2;false;false;false;false;false;false;false
204506;206;4;684;HE;2;;;;;0;0;0;0;0;0;0;0;0;0;0;0;true;false;false;false;false;false;false
204506;206;5;685;DE;1;50066313;;30028877;;2;3;21;15;18;21;18;21;57;57;1;2;false;false;false;false;false;false;false
204506;206;6;686;DE;2;50056838;;30036956;;1;2;21;9;21;14;0;0;42;23;2;0;false;false;false;false;false;false;false
204506;206;7;687;GD;1;50093807;50066313;30025428;30049240;1;2;21;15;21;13;0;0;42;28;2;0;false;false;false;false;false;false;false
204506;206;8;688;GD;2;50072437;50059706;30033824;30028877;1;3;24;22;15;21;21;17;60;60;2;1;false;false;false;false;false;false;false
204506;207;1;689;HD;0;;;;;0;0;0;0;0;0;0;0;0;0;0;0;true;false;false;false;false;false;false
204506;207;2;690;DD;0;50059706;50056838;50059467;50091428;1;3;21;13;18;21;21;10;60;44;2;1;false;false;false;false;false;false;false
204506;207;3;691;HE;1;50093807;;50058137;;1;2;21;16;21;18;0;0;42;34;2;0;false;false;false;false;false;false;false
204506;207;4;692;HE;2;50067832;;50061228;;1;2;27;25;21;13;0;0;48;38;2;0;false;false;false;false;false;false;false
204506;207;5;693;DE;1;50066313;;50081029;;1;3;16;21;21;12;21;15;58;48;2;1;false;false;false;false;false;false;false
204506;207;6;694;DE;2;50056838;;50059467;;2;3;21;13;16;21;13;21;50;55;1;2;false;false;false;false;false;false;false
204506;207;7;695;GD;1;50093807;50066313;50058137;50091428;1;3;19;21;21;15;21;14;61;50;2;1;false;false;false;false;false;false;false
204506;207;8;696;GD;2;50072437;50059706;50058438;50081029;1;2;21;16;21;17;0;0;42;33;2;0;false;false;false;false;false;false;false
204506;208;1;697;HD;0;30026217;30025428;30021797;30021205;1;3;23;25;21;11;21;12;65;48;2;1;false;false;false;false;false;false;false
204506;208;2;698;DD;0;30049240;30036956;50055770;30048475;1;2;21;9;21;16;0;0;42;25;2;0;false;false;false;false;false;false;false
204506;208;3;699;HE;1;30033824;;30020633;;2;2;8;21;13;21;0;0;21;42;0;2;false;false;false;false;false;false;false
204506;208;4;700;HE;2;30025428;;50093263;;2;2;8;21;14;21;0;0;22;42;0;2;false;false;false;false;false;false;false
204506;208;5;701;DE;1;30028877;;30034367;;1;2;21;14;21;9;0;0;42;23;2;0;false;false;false;false;false;false;false
204506;208;6;702;DE;2;30036956;;30031822;;1;2;22;20;21;16;0;0;43;36;2;0;false;false;false;false;false;false;false
204506;208;7;703;GD;1;;;;;0;0;0;0;0;0;0;0;0;0;0;0;true;false;false;false;false;false;false
204506;208;8;704;GD;2;30033824;30028877;30020633;30048475;1;3;21;14;8;21;21;18;50;53;2;1;false;false;false;false;false;false;false
204506;213;1;705;HD;0;50061618;50078931;50069448;50000608;1;2;21;15;21;13;0;0;42;28;2;0;false;false;false;false;false;false;false
204506;213;2;706;DD;0;50101248;50070415;50059120;50079208;2;2;18;21;14;21;0;0;32;42;0;2;false;false;false;false;false;false;false
204506;213;3;707;HE;1;50086850;;50023888;;1;3;20;22;21;16;21;15;62;53;2;1;false;false;false;false;false;false;false
204506;213;4;708;HE;2;;;;;0;0;0;0;0;0;0;0;0;0;0;0;true;false;false;false;false;false;false
204506;213;5;709;DE;1;50101248;;50521861;;2;2;15;21;18;21;0;0;33;42;0;2;false;false;false;false;false;false;false
204506;213;6;710;DE;2;50095874;;50059120;;2;2;12;21;10;21;0;0;22;42;0;2;false;false;false;false;false;false;false
204506;213;7;711;GD;1;50078931;50070415;50056165;50079208;2;3;21;19;17;21;13;21;51;61;1;2;false;false;false;false;false;false;false
204506;213;8;712;GD;2;;;;;0;0;0;0;0;0;0;0;0;0;0;0;true;false;false;false;false;false;false
204506;214;1;713;HD;0;50069710;50069103;50061618;50078931;2;2;15;21;13;21;0;0;28;42;0;2;false;false;false;false;false;false;false
204506;214;2;714;DD;0;50103314;50063455;50029373;50070415;2;2;19;21;9;21;0;0;28;42;0;2;false;false;false;false;false;false;false
204506;214;3;715;HE;1;50080698;;50053763;;1;3;21;15;19;21;21;19;61;55;2;1;false;false;false;false;false;false;false
204506;214;4;716;HE;2;;;;;0;0;0;0;0;0;0;0;0;0;0;0;true;false;false;false;false;false;false
204506;214;5;717;DE;1;50083838;;50108104;;2;3;15;21;21;19;17;21;53;61;1;2;false;false;false;false;false;false;false
204506;214;6;718;DE;2;50103314;;50101248;;2;2;8;21;19;21;0;0;27;42;0;2;false;false;false;false;false;false;false
204506;214;7;719;GD;1;50080698;50063455;50076939;50070415;1;2;21;19;24;22;0;0;45;41;2;0;false;false;false;false;false;false;false
204506;214;8;720;GD;2;50069710;50083838;50078931;50029373;2;2;19;21;10;21;0;0;29;42;0;2;false;false;false;false;false;false;false
204506;215;1;721;HD;0;50069448;50000608;30050002;30053692;1;2;21;15;21;13;0;0;42;28;2;0;false;false;false;false;false;false;false
204506;215;2;722;DD;0;50059120;50079208;30022052;30025003;1;3;19;21;21;15;21;16;61;52;2;1;false;false;false;false;false;false;false
204506;215;3;723;HE;1;50000608;;30053692;;2;2;14;21;10;21;0;0;24;42;0;2;false;false;false;false;false;false;false
204506;215;4;724;HE;2;50023888;;30041648;;2;2;10;21;13;21;0;0;23;42;0;2;false;false;false;false;false;false;false
204506;215;5;725;DE;1;50521861;;30056784;;1;2;21;11;23;21;0;0;44;32;2;0;false;false;false;false;false;false;false
204506;215;6;726;DE;2;50059120;;30022052;;1;3;21;15;16;21;21;16;58;52;2;1;false;false;false;false;false;false;false
204506;215;7;727;GD;1;50056165;50079208;30050002;30056784;1;3;19;21;21;15;21;19;61;55;2;1;false;false;false;false;false;false;false
204506;215;8;728;GD;2;;;;;0;0;0;0;0;0;0;0;0;0;0;0;true;false;false;false;false;false;false
204506;220;1;729;HD;0;50070414;50069310;50076212;50057877;2;2;20;22;18;21;0;0;38;43;0;2;false;false;false;false;false;false;false
204506;220;2;730;DD;0;;;;;0;0;0;0;0;0;0;0;0;0;0;0;true;false;false;false;false;false;false
204506;220;3;731;HE;1;50078488;;30020633;;1;2;21;19;21;14;0;0;42;33;2;0;false;false;false;false;false;false;false
204506;220;4;732;HE;2;50070414;;50057877;;2;2;13;21;15;21;0;0;28;42;0;2;false;false;false;false;false;false;false
204506;220;5;733;DE;1;;;;;0;0;0;0;0;0;0;0;0;0;0;0;true;false;false;false;false;false;false
204506;220;6;734;DE;2;50065873;;50079912;;2;2;11;21;15;21;0;0;26;42;0;2;false;false;false;false;false;false;false
204506;220;7;735;GD;1;;;;;0;0;0;0;0;0;0;0;0;0;0;0;true;false;false;false;false;false;false
204506;220;8;736;GD;2;50078488;50065873;50076212;50066162;2;2;19;21;18;21;0;0;37;42;0;2;false;false;false;false;false;false;false
204506;221;1;737;HD;0;50070414;50069310;50080162;50070492;1;2;21;9;21;9;0;0;42;18;2;0;false;false;false;false;false;false;false
204506;221;2;738;DD;0;50092008;50089298;50071085;50085184;1;2;21;12;28;26;0;0;49;38;2;0;false;false;false;false;false;false;false
204506;221;3;739;HE;1;50078488;;50064508;;2;3;21;13;15;21;12;21;48;55;1;2;false;false;false;false;false;false;false
204506;221;4;740;HE;2;50070414;;50090875;;1;2;21;13;21;17;0;0;42;30;2;0;false;false;false;false;false;false;false
204506;221;5;741;DE;1;50092008;;50071085;;2;3;21;18;6;21;0;21;27;60;1;2;false;false;false;false;false;false;false
204506;221;6;742;DE;2;50065873;;50085519;;2;3;21;12;13;21;15;21;49;54;1;2;false;false;false;false;false;false;false
204506;221;7;743;GD;1;50069310;50089298;50070492;50085519;1;2;21;9;21;15;0;0;42;24;2;0;false;false;false;false;false;false;false
204506;221;8;744;GD;2;;;;;0;0;0;0;0;0;0;0;0;0;0;0;true;false;false;false;false;false;false
204506;222;1;745;HD;0;50056875;50082610;50076212;50057877;2;3;17;21;21;13;22;24;60;58;1;2;false;false;false;false;false;false;false
204506;222;2;746;DD;0;50075943;50055238;30063557;30033391;1;2;21;0;21;0;0;0;42;0;2;0;false;false;false;false;false;false;false
204506;222;3;747;HE;1;50082610;;30085266;;1;2;21;0;21;0;0;0;42;0;2;0;false;false;false;false;false;false;false
204506;222;4;748;HE;2;50084667;;50057877;;2;2;18;21;15;21;0;0;33;42;0;2;false;false;false;false;false;false;false
204506;222;5;749;DE;1;50075943;;50066162;;1;3;16;21;23;21;21;17;60;59;2;1;false;false;false;false;false;false;false
204506;222;6;750;DE;2;50081029;;30063557;;2;2;11;21;14;21;0;0;25;42;0;2;false;false;false;false;false;false;false
204506;222;7;751;GD;1;50056875;50055238;50076212;50066162;2;2;18;21;16;21;0;0;34;42;0;2;false;false;false;false;false;false;false
204506;222;8;752;GD;2;;;;;0;0;0;0;0;0;0;0;0;0;0;0;true;false;false;false;false;false;false
204506;227;1;753;HD;0;50020945;50072104;50872648;50063870;2;2;16;21;18;21;0;0;34;42;0;2;false;false;false;false;false;false;false
204506;227;2;754;DD;0;50081509;50680692;50089246;50093246;1;2;21;18;21;17;0;0;42;35;2;0;false;false;false;false;false;false;false
204506;227;3;755;HE;1;50086245;;50053879;;1;2;21;4;21;5;0;0;42;9;2;0;false;false;false;false;false;false;false
204506;227;4;756;HE;2;50072104;;50061910;;1;2;27;25;21;18;0;0;48;43;2;0;false;false;false;false;false;false;false
204506;227;5;757;DE;1;;;;;0;0;0;0;0;0;0;0;0;0;0;0;true;false;false;false;false;false;false
204506;227;6;758;DE;2;50098548;;50089246;;1;2;21;11;21;8;0;0;42;19;2;0;false;false;false;false;false;false;false
204506;227;7;759;GD;1;50086245;50098548;50063870;50067185;1;3;17;21;21;19;21;18;59;58;2;1;false;false;false;false;false;false;false
204506;227;8;760;GD;2;50020945;50680692;50061910;50093246;2;2;20;22;18;21;0;0;38;43;0;2;false;false;false;false;false;false;false
204506;228;1;761;HD;0;50072104;50094252;30033979;30018354;1;2;21;11;21;19;0;0;42;30;2;0;false;false;false;false;false;false;false
204506;228;2;762;DD;0;50098548;50680692;30038363;30043906;1;2;21;18;21;11;0;0;42;29;2;0;false;false;false;false;false;false;false
204506;228;3;763;HE;1;50086245;;30038404;;1;2;21;16;21;12;0;0;42;28;2;0;false;false;false;false;false;false;false
204506;228;4;764;HE;2;50072104;;30027602;;2;3;19;21;21;13;20;22;60;56;1;2;false;false;false;false;false;false;false
204506;228;5;765;DE;1;50098548;;30049253;;1;2;21;0;21;0;0;0;42;0;2;0;false;false;false;false;false;false;false
204506;228;6;766;DE;2;50081509;;30043906;;1;2;21;6;21;10;0;0;42;16;2;0;false;false;false;false;false;false;false
204506;228;7;767;GD;1;50094252;50081509;30027602;30038363;1;2;21;16;21;19;0;0;42;35;2;0;false;false;false;false;false;false;false
204506;228;8;768;GD;2;;;;;0;0;0;0;0;0;0;0;0;0;0;0;true;false;false;false;false;false;false
204506;229;1;769;HD;0;50872648;50063870;50085505;50066225;1;2;22;20;21;15;0;0;43;35;2;0;false;false;false;false;false;false;false
204506;229;2;770;DD;0;50089246;50093246;50081826;50110011;1;3;18;21;21;16;21;19;60;56;2;1;false;false;false;false;false;false;false
204506;229;3;771;HE;1;50053879;;50085505;;2;2;9;21;13;21;0;0;22;42;0;2;false;false;false;false;false;false;false
204506;229;4;772;HE;2;50061910;;50092888;;2;2;18;21;17;21;0;0;35;42;0;2;false;false;false;false;false;false;false
204506;229;5;773;DE;1;50067185;;50099361;;1;2;21;6;21;14;0;0;42;20;2;0;false;false;false;false;false;false;false
204506;229;6;774;DE;2;;;;;0;0;0;0;0;0;0;0;0;0;0;0;true;false;false;false;false;false;false
204506;229;7;775;GD;1;50063870;50067185;50072775;50081826;2;3;27;25;21;23;17;21;65;69;1;2;false;false;false;false;false;false;false
204506;229;8;776;GD;2;50872648;50089246;50066225;50085114;1;3;21;13;12;21;21;18;54;52;2;1;false;false;false;false;false;false;false
